{
    "loss": 1.5312552452087402,
    "accuracy": 0.8345323801040649
}