{
    "loss": 7.921586990356445,
    "accuracy": 0.5035971403121948
}